Date,Description,Amount,Balance
2026-07-01,RENT PAYMENT SAMPLE APARTMENTS,-1850.00,1350.00
2026-07-01,SAMPLE EMPLOYER PAYROLL,2400.00,3750.00
2026-07-02,SAFEWAY #0123,-38.40,3711.60
2026-07-03,NETFLIX.COM,-15.49,3696.11
2026-07-06,SHELL OIL 57444,-41.20,3654.91
2026-07-08,VERIZON WIRELESS PAYMENT,-65.00,3589.91
2026-07-11,TRADER JOES,-31.75,3558.16
2026-07-12,STARBUCKS STORE 4411,-6.45,3551.71
2026-07-15,SAMPLE EMPLOYER PAYROLL,2400.00,5951.71
2026-07-16,SAFEWAY #0123,-91.25,5860.46
2026-07-18,CARD AUTOPAY SAMPLE BANK CARD,-300.00,5560.46
2026-07-20,SPOTIFY USA,-11.99,5548.47
2026-07-21,WHOLE FOODS MARKET,-83.07,5465.40
2026-07-25,SHELL OIL 57444,-28.90,5436.50
2026-07-27,SAFEWAY #0123,-24.80,5411.70
2026-07-28,SAMPLE BANK INTEREST PAID,0.31,5412.01
2026-08-01,RENT PAYMENT SAMPLE APARTMENTS,-1850.00,3562.01
2026-08-01,SAMPLE EMPLOYER PAYROLL,2400.00,5962.01
2026-08-02,TRADER JOES,-58.40,5903.61
2026-08-03,NETFLIX.COM,-15.49,5888.12
2026-08-08,VERIZON WIRELESS PAYMENT,-65.00,5823.12
2026-08-09,SAFEWAY #0123,-66.10,5757.02
2026-08-12,STARBUCKS STORE 4411,-7.10,5749.92
2026-08-13,WHOLE FOODS MARKET,-128.40,5621.52
2026-08-15,SAMPLE EMPLOYER PAYROLL,2400.00,8021.52
2026-08-17,SHELL OIL 57444,-52.35,7969.17
2026-08-18,CARD AUTOPAY SAMPLE BANK CARD,-300.00,7669.17
2026-08-18,TRADER JOES,-22.15,7647.02
2026-08-20,SPOTIFY USA,-11.99,7635.03
2026-08-24,SAFEWAY #0123,-112.35,7522.68
2026-08-28,SAMPLE BANK INTEREST PAID,0.31,7522.99
2026-08-29,WHOLE FOODS MARKET,-35.60,7487.39
2026-09-01,RENT PAYMENT SAMPLE APARTMENTS,-1850.00,5637.39
2026-09-01,SAMPLE EMPLOYER PAYROLL,2400.00,8037.39
2026-09-03,NETFLIX.COM,-15.49,8021.90
2026-09-04,SAFEWAY #0123,-47.90,7974.00
2026-09-08,VERIZON WIRELESS PAYMENT,-65.00,7909.00
2026-09-08,WHOLE FOODS MARKET,-96.20,7812.80
2026-09-10,SHELL OIL 57444,-36.15,7776.65
2026-09-12,STARBUCKS STORE 4411,-5.95,7770.70
2026-09-13,TRADER JOES,-44.80,7725.90
2026-09-15,SAMPLE EMPLOYER PAYROLL,2400.00,10125.90
2026-09-18,CARD AUTOPAY SAMPLE BANK CARD,-300.00,9825.90
2026-09-19,SAFEWAY #0123,-79.60,9746.30
2026-09-20,SPOTIFY USA,-11.99,9734.31
2026-09-27,TRADER JOES,-71.30,9663.01
2026-09-28,SAMPLE BANK INTEREST PAID,0.31,9663.32
